"time","motor.phi","der(motor.phi)","motor.ve","motor.tau"
0,0,0,0,0
0.002,-3.19644e-7,-0.00038194,0.142846,0.241689
0.004,-1.5683e-6,-0.000866234,0.323972,0.240915
0.006,-3.78017e-6,-0.00134442,0.502814,0.237261
0.008,-6.94111e-6,-0.0018153,0.678922,0.233627
0.01,-1.10366e-5,-0.00227897,0.852333,0.230048
0.012,-1.60522e-5,-0.00273553,1.02309,0.226524
0.014,-2.19741e-5,-0.0031851,1.19123,0.223055
0.016,-2.87881e-5,-0.00362778,1.35679,0.219638
0.018,-3.64808e-5,-0.00406368,1.51982,0.216274
0.02,-4.50388e-5,-0.00449291,1.68035,0.212961
0.022,-5.44488e-5,-0.00491556,1.83842,0.209699
0.024,-6.46978e-5,-0.00533173,1.99407,0.206487
0.026,-7.5773e-5,-0.00574153,2.14733,0.203324
0.028,-8.76615e-5,-0.00614504,2.29825,0.20021
0.03,-0.000100351,-0.00654238,2.44685,0.197143
0.032,-0.000113829,-0.00693363,2.59318,0.194123
0.034,-0.000128083,-0.00731889,2.73727,0.19115
0.036,-0.000143102,-0.00769825,2.87915,0.188222
0.038,-0.000158874,-0.0080718,3.01885,0.185339
0.04,-0.000175387,-0.00843963,3.15642,0.1825
0.042,-0.00019263,-0.00880181,3.29188,0.179705
0.044,-0.000210592,-0.00915846,3.42526,0.176952
0.046,-0.000229262,-0.00950964,3.55661,0.174242
0.048,-0.000248628,-0.00985544,3.68594,0.171573
0.05,-0.000268681,-0.010196,3.81329,0.168945
0.052,-0.000289409,-0.0105312,3.93869,0.166357
0.054,-0.000310803,-0.0108614,4.06217,0.163809
0.056,-0.000332851,-0.0111865,4.18375,0.1613
0.058,-0.000355545,-0.0115066,4.30348,0.158829
0.06,-0.000378873,-0.0118219,4.42137,0.156396
0.062,-0.000402828,-0.0121322,4.53746,0.154
0.064,-0.000427399,-0.0124379,4.65177,0.151641
0.066,-0.000452576,-0.0127388,4.76433,0.149319
0.068,-0.00047835,-0.0130352,4.87516,0.147031
0.07,-0.000504713,-0.013327,4.9843,0.144779
0.072,-0.000531654,-0.0136143,5.09176,0.142561
0.074,-0.000559166,-0.0138973,5.19758,0.140378
0.076,-0.00058724,-0.0141759,5.30178,0.138227
0.078,-0.000615866,-0.0144502,5.40438,0.13611
0.08,-0.000645037,-0.0147203,5.50541,0.134025
0.082,-0.000674744,-0.0149863,5.60489,0.131972
0.084,-0.000704979,-0.0152483,5.70285,0.129951
0.086,-0.000735733,-0.0155062,5.79931,0.12796
0.088,-0.000767,-0.0157601,5.89429,0.126
0.09,-0.000798771,-0.0160102,5.98781,0.12407
0.092,-0.000831038,-0.0162564,6.07991,0.12217
0.094,-0.000863793,-0.0164989,6.17059,0.120298
0.096,-0.00089703,-0.0167377,6.25988,0.118456
0.098,-0.000930741,-0.0169727,6.34781,0.116641
0.1,-0.000964918,-0.0172042,6.43438,0.114855
0.102,-0.000999555,-0.0174322,6.51964,0.113095
0.104,-0.00103464,-0.0176566,6.60358,0.111363
0.106,-0.00107018,-0.0178777,6.68624,0.109657
0.108,-0.00110615,-0.0180953,6.76764,0.107977
0.11,-0.00114256,-0.0183096,6.84779,0.106323
0.112,-0.00117939,-0.0185206,6.92671,0.104695
0.114,-0.00121664,-0.0187284,7.00442,0.103091
0.116,-0.0012543,-0.018933,7.08094,0.101512
0.118,-0.00129237,-0.0191345,7.15629,0.0999571
0.12,-0.00133083,-0.0193328,7.23048,0.0984259
0.122,-0.0013697,-0.0195282,7.30354,0.0969183
0.124,-0.00140895,-0.0197205,7.37548,0.0954337
0.126,-0.00144858,-0.0199099,7.44631,0.0939719
0.128,-0.00148858,-0.0200964,7.51606,0.0925325
0.13,-0.00152896,-0.0202801,7.58475,0.0911152
0.132,-0.0015697,-0.0204609,7.65238,0.0897195
0.134,-0.0016108,-0.020639,7.71897,0.0883452
0.136,-0.00165226,-0.0208143,7.78455,0.086992
0.138,-0.00169406,-0.0209869,7.84912,0.0856595
0.14,-0.0017362,-0.0211569,7.9127,0.0843474
0.142,-0.00177868,-0.0213243,7.9753,0.0830554
0.144,-0.0018215,-0.0214892,8.03695,0.0817832
0.146,-0.00186464,-0.0216515,8.09766,0.0805305
0.148,-0.0019081,-0.0218113,8.15743,0.079297
0.15,-0.00195188,-0.0219687,8.21629,0.0780824
0.152,-0.00199598,-0.0221236,8.27424,0.0768864
0.154,-0.00204038,-0.0222762,8.33131,0.0757087
0.156,-0.00208508,-0.0224265,8.38751,0.074549
0.158,-0.00213008,-0.0225744,8.44284,0.0734071
0.16,-0.00217538,-0.0227201,8.49733,0.0722827
0.162,-0.00222096,-0.0228636,8.55098,0.0711755
0.164,-0.00226683,-0.0230048,8.60381,0.0700853
0.166,-0.00231298,-0.0231439,8.65583,0.0690117
0.168,-0.0023594,-0.0232809,8.70706,0.0679547
0.17,-0.0024061,-0.0234158,8.7575,0.0669138
0.172,-0.00245307,-0.0235486,8.80716,0.0658888
0.174,-0.00250029,-0.0236793,8.85607,0.0648796
0.176,-0.00254778,-0.0238081,8.90423,0.0638858
0.178,-0.00259552,-0.0239349,8.95165,0.0629072
0.18,-0.00264352,-0.0240597,8.99834,0.0619436
0.182,-0.00269176,-0.0241827,9.04432,0.0609948
0.184,-0.00274025,-0.0243037,9.08959,0.0600605
0.186,-0.00278898,-0.0244229,9.13417,0.0591405
0.188,-0.00283794,-0.0245403,9.17807,0.0582346
0.19,-0.00288714,-0.0246559,9.22129,0.0573426
0.192,-0.00293656,-0.0247697,9.26386,0.0564642
0.194,-0.00298621,-0.0248817,9.30577,0.0555993
0.196,-0.00303609,-0.0249921,9.34704,0.0547477
0.198,-0.00308618,-0.0251007,9.38768,0.0539091
0.2,-0.00313649,-0.0252077,9.42769,0.0530833
0.202,-0.00318701,-0.0253131,9.46709,0.0522702
0.204,-0.00323774,-0.0254168,9.50589,0.0514696
0.206,-0.00328868,-0.025519,9.54409,0.0506812
0.208,-0.00333981,-0.0256196,9.58171,0.0499049
0.21,-0.00339115,-0.0257186,9.61876,0.0491404
0.212,-0.00344269,-0.0258161,9.65523,0.0483877
0.214,-0.00349442,-0.0259122,9.69115,0.0476465
0.216,-0.00354633,-0.0260067,9.72651,0.0469167
0.218,-0.00359844,-0.0260998,9.76134,0.0461981
0.22,-0.00365073,-0.0261915,9.79563,0.0454904
0.222,-0.00370321,-0.0262818,9.82939,0.0447936
0.224,-0.00375586,-0.0263707,9.86264,0.0441075
0.226,-0.00380869,-0.0264582,9.89538,0.0434319
0.228,-0.00386169,-0.0265444,9.92762,0.0427666
0.23,-0.00391487,-0.0266293,9.95936,0.0421115
0.232,-0.00396821,-0.0267129,9.99062,0.0414665
0.234,-0.00402172,-0.0267952,10.0214,0.0408313
0.236,-0.00407539,-0.0268762,10.0517,0.0402059
0.238,-0.00412922,-0.026956,10.0815,0.03959
0.24,-0.00418321,-0.0270346,10.1109,0.0389836
0.242,-0.00423736,-0.027112,10.1399,0.0383864
0.244,-0.00429166,-0.0271881,10.1684,0.0377985
0.246,-0.00434611,-0.0272632,10.1964,0.0372195
0.248,-0.00440071,-0.027337,10.224,0.0366494
0.25,-0.00445546,-0.0274098,10.2513,0.036088
0.252,-0.00451035,-0.0274814,10.278,0.0355352
0.254,-0.00456538,-0.0275519,10.3044,0.0349909
0.256,-0.00462055,-0.0276214,10.3304,0.0344549
0.258,-0.00467587,-0.0276897,10.356,0.0339271
0.26,-0.00473131,-0.0277571,10.3811,0.0334074
0.262,-0.00478689,-0.0278234,10.4059,0.0328957
0.264,-0.00484261,-0.0278887,10.4304,0.0323918
0.266,-0.00489845,-0.0279529,10.4544,0.0318957
0.268,-0.00495442,-0.0280162,10.4781,0.0314071
0.27,-0.00501051,-0.0280786,10.5014,0.030926
0.272,-0.00506673,-0.02814,10.5243,0.0304523
0.274,-0.00512307,-0.0282004,10.5469,0.0299858
0.276,-0.00517953,-0.0282599,10.5692,0.0295265
0.278,-0.00523611,-0.0283185,10.5911,0.0290743
0.28,-0.0052928,-0.0283762,10.6127,0.0286289
0.282,-0.00534961,-0.028433,10.634,0.0281904
0.284,-0.00540654,-0.028489,10.6549,0.0277586
0.286,-0.00546357,-0.0285441,10.6755,0.0273334
0.288,-0.00552071,-0.0285983,10.6958,0.0269147
0.29,-0.00557796,-0.0286517,10.7157,0.0265024
0.292,-0.00563532,-0.0287043,10.7354,0.0260965
0.294,-0.00569278,-0.0287561,10.7548,0.0256968
0.296,-0.00575034,-0.0288071,10.7739,0.0253031
0.298,-0.00580801,-0.0288573,10.7926,0.0249156
0.3,-0.00586577,-0.0289068,10.8111,0.0245339
0.302,-0.00592363,-0.0289555,10.8293,0.0241581
0.304,-0.00598159,-0.0290034,10.8473,0.0237881
0.306,-0.00603965,-0.0290506,10.8649,0.0234237
0.308,-0.00609779,-0.0290971,10.8823,0.0230649
0.31,-0.00615603,-0.0291429,10.8994,0.0227116
0.312,-0.00621436,-0.029188,10.9163,0.0223637
0.314,-0.00627279,-0.0292324,10.9329,0.0220212
0.316,-0.00633129,-0.0292761,10.9492,0.0216838
0.318,-0.00638989,-0.0293191,10.9653,0.0213517
0.32,-0.00644857,-0.0293615,10.9812,0.0210246
0.322,-0.00650733,-0.0294032,10.9968,0.0207026
0.324,-0.00656618,-0.0294443,11.0122,0.0203855
0.326,-0.00662511,-0.0294847,11.0273,0.0200732
0.328,-0.00668412,-0.0295246,11.0422,0.0197657
0.33,-0.00674321,-0.0295638,11.0569,0.019463
0.332,-0.00680237,-0.0296024,11.0713,0.0191648
0.334,-0.00686162,-0.0296405,11.0855,0.0188713
0.336,-0.00692094,-0.0296779,11.0995,0.0185822
0.338,-0.00698033,-0.0297148,11.1133,0.0182976
0.34,-0.00703979,-0.0297511,11.1269,0.0180173
0.342,-0.00709933,-0.0297869,11.1403,0.0177413
0.344,-0.00715894,-0.0298221,11.1535,0.0174696
0.346,-0.00721862,-0.0298568,11.1664,0.017202
0.348,-0.00727837,-0.0298909,11.1792,0.0169385
0.35,-0.00733818,-0.0299245,11.1918,0.016679
0.352,-0.00739807,-0.0299576,11.2041,0.0164235
0.354,-0.00745801,-0.0299902,11.2163,0.016172
0.356,-0.00751803,-0.0300223,11.2283,0.0159243
0.358,-0.0075781,-0.0300539,11.2402,0.0156804
0.36,-0.00763824,-0.030085,11.2518,0.0154402
0.362,-0.00769844,-0.0301157,11.2633,0.0152037
0.364,-0.0077587,-0.0301458,11.2745,0.0149708
0.366,-0.00781903,-0.0301756,11.2857,0.0147415
0.368,-0.00787941,-0.0302048,11.2966,0.0145157
0.37,-0.00793985,-0.0302336,11.3074,0.0142933
0.372,-0.00800034,-0.030262,11.318,0.0140744
0.374,-0.00806089,-0.0302899,11.3284,0.0138588
0.376,-0.0081215,-0.0303174,11.3387,0.0136465
0.378,-0.00818216,-0.0303445,11.3488,0.0134375
0.38,-0.00824288,-0.0303712,11.3588,0.0132316
0.382,-0.00830365,-0.0303974,11.3686,0.013029
0.384,-0.00836447,-0.0304233,11.3783,0.0128294
0.386,-0.00842534,-0.0304488,11.3878,0.0126329
0.388,-0.00848626,-0.0304738,11.3972,0.0124394
0.39,-0.00854723,-0.0304985,11.4064,0.0122489
0.392,-0.00860826,-0.0305228,11.4155,0.0120612
0.394,-0.00866933,-0.0305468,11.4245,0.0118765
0.396,-0.00873044,-0.0305703,11.4333,0.0116946
0.398,-0.00879161,-0.0305935,11.442,0.0115154
0.4,-0.00885282,-0.0306164,11.4505,0.011339
0.402,-0.00891407,-0.0306389,11.4589,0.0111654
0.404,-0.00897537,-0.0306611,11.4672,0.0109943
0.406,-0.00903672,-0.0306829,11.4754,0.0108259
0.408,-0.0090981,-0.0307044,11.4834,0.0106601
0.41,-0.00915953,-0.0307255,11.4913,0.0104968
0.412,-0.00922101,-0.0307464,11.4991,0.010336
0.414,-0.00928252,-0.0307669,11.5068,0.0101777
0.416,-0.00934407,-0.0307871,11.5144,0.0100218
0.418,-0.00940567,-0.030807,11.5218,0.0098683
0.42,-0.0094673,-0.0308265,11.5291,0.00971714
0.422,-0.00952897,-0.0308458,11.5363,0.0095683
0.424,-0.00959068,-0.0308648,11.5434,0.00942173
0.426,-0.00965243,-0.0308835,11.5504,0.00927741
0.428,-0.00971422,-0.0309019,11.5573,0.0091353
0.43,-0.00977604,-0.0309201,11.5641,0.00899537
0.432,-0.0098379,-0.0309379,11.5708,0.00885759
0.434,-0.00989979,-0.0309555,11.5774,0.00872191
0.436,-0.00996172,-0.0309728,11.5838,0.00858832
0.438,-0.0100237,-0.0309898,11.5902,0.00845677
0.44,-0.0100857,-0.0310066,11.5965,0.00832724
0.442,-0.0101477,-0.0310232,11.6027,0.00819968
0.444,-0.0102098,-0.0310394,11.6087,0.00807408
0.446,-0.0102719,-0.0310555,11.6147,0.00795041
0.448,-0.010334,-0.0310712,11.6206,0.00782862
0.45,-0.0103962,-0.0310868,11.6265,0.0077087
0.452,-0.0104583,-0.0311021,11.6322,0.00759061
0.454,-0.0105206,-0.0311171,11.6378,0.00747434
0.456,-0.0105828,-0.031132,11.6434,0.00735985
0.458,-0.0106451,-0.0311466,11.6488,0.00724711
0.46,-0.0107074,-0.031161,11.6542,0.00713611
0.462,-0.0107697,-0.0311751,11.6595,0.00702681
0.464,-0.0108321,-0.0311891,11.6647,0.00691918
0.466,-0.0108945,-0.0312028,11.6698,0.0068132
0.468,-0.0109569,-0.0312163,11.6749,0.00670884
0.47,-0.0110194,-0.0312296,11.6799,0.00660608
0.472,-0.0110818,-0.0312427,11.6848,0.00650489
0.474,-0.0111443,-0.0312557,11.6896,0.00640525
0.476,-0.0112068,-0.0312684,11.6944,0.00630714
0.478,-0.0112694,-0.0312809,11.6991,0.00621053
0.48,-0.011332,-0.0312932,11.7037,0.0061154
0.482,-0.0113946,-0.0313053,11.7082,0.00602172
0.484,-0.0114572,-0.0313173,11.7127,0.00592949
0.486,-0.0115198,-0.0313291,11.7171,0.00583866
0.488,-0.0115825,-0.0313407,11.7214,0.00574923
0.49,-0.0116452,-0.0313521,11.7257,0.00566116
0.492,-0.0117079,-0.0313633,11.7299,0.00557445
0.494,-0.0117707,-0.0313744,11.734,0.00548906
0.496,-0.0118334,-0.0313853,11.7381,0.00540498
0.498,-0.0118962,-0.031396,11.7421,0.00532219
0.5,-0.011959,-0.0314065,11.746,0.00524067
0.502,-0.0120218,-0.0314169,11.7499,0.00516039
0.504,-0.0120847,-0.0314272,11.7538,0.00508135
0.506,-0.0121475,-0.0314373,11.7575,0.00500351
0.508,-0.0122104,-0.0314472,11.7613,0.00492687
0.51,-0.0122733,-0.031457,11.7649,0.0048514
0.512,-0.0123362,-0.0314666,11.7685,0.00477709
0.514,-0.0123992,-0.0314761,11.7721,0.00470392
0.516,-0.0124621,-0.0314854,11.7755,0.00463187
0.518,-0.0125251,-0.0314946,11.779,0.00456092
0.52,-0.0125881,-0.0315037,11.7824,0.00449106
0.522,-0.0126511,-0.0315126,11.7857,0.00442227
0.524,-0.0127142,-0.0315214,11.789,0.00435453
0.526,-0.0127772,-0.03153,11.7922,0.00428783
0.528,-0.0128403,-0.0315385,11.7954,0.00422215
0.53,-0.0129034,-0.0315469,11.7985,0.00415747
0.532,-0.0129665,-0.0315551,11.8016,0.00409379
0.534,-0.0130296,-0.0315633,11.8047,0.00403109
0.536,-0.0130927,-0.0315713,11.8077,0.00396934
0.538,-0.0131559,-0.0315791,11.8106,0.00390854
0.54,-0.0132191,-0.0315869,11.8135,0.00384867
0.542,-0.0132822,-0.0315945,11.8164,0.00378972
0.544,-0.0133454,-0.0316021,11.8192,0.00373167
0.546,-0.0134086,-0.0316095,11.8219,0.00367451
0.548,-0.0134719,-0.0316168,11.8247,0.00361822
0.55,-0.0135351,-0.0316239,11.8274,0.0035628
0.552,-0.0135984,-0.031631,11.83,0.00350823
0.554,-0.0136616,-0.031638,11.8326,0.00345449
0.556,-0.0137249,-0.0316448,11.8352,0.00340158
0.558,-0.0137882,-0.0316516,11.8377,0.00334947
0.56,-0.0138515,-0.0316582,11.8402,0.00329817
0.562,-0.0139148,-0.0316648,11.8426,0.00324765
0.564,-0.0139782,-0.0316712,11.845,0.0031979
0.566,-0.0140415,-0.0316776,11.8474,0.00314892
0.568,-0.0141049,-0.0316838,11.8497,0.00310069
0.57,-0.0141683,-0.03169,11.852,0.00305319
0.572,-0.0142316,-0.031696,11.8543,0.00300642
0.574,-0.014295,-0.031702,11.8565,0.00296037
0.576,-0.0143585,-0.0317079,11.8587,0.00291503
0.578,-0.0144219,-0.0317137,11.8609,0.00287037
0.58,-0.0144853,-0.0317194,11.863,0.00282641
0.582,-0.0145488,-0.031725,11.8651,0.00278311
0.584,-0.0146122,-0.0317305,11.8672,0.00274048
0.586,-0.0146757,-0.0317359,11.8692,0.00269851
0.588,-0.0147392,-0.0317413,11.8712,0.00265717
0.59,-0.0148026,-0.0317466,11.8732,0.00261647
0.592,-0.0148661,-0.0317517,11.8752,0.00257639
0.594,-0.0149297,-0.0317569,11.8771,0.00253693
0.596,-0.0149932,-0.0317619,11.8789,0.00249807
0.598,-0.0150567,-0.0317669,11.8808,0.00245981
0.6,-0.0151202,-0.0317717,11.8826,0.00242213
0.602,-0.0151838,-0.0317765,11.8844,0.00238503
0.604,-0.0152473,-0.0317813,11.8862,0.00234849
0.606,-0.0153109,-0.0317859,11.8879,0.00231252
0.608,-0.0153745,-0.0317905,11.8897,0.0022771
0.61,-0.0154381,-0.031795,11.8913,0.00224222
0.612,-0.0155017,-0.0317995,11.893,0.00220787
0.614,-0.0155653,-0.0318039,11.8946,0.00217406
0.616,-0.0156289,-0.0318082,11.8963,0.00214075
0.618,-0.0156925,-0.0318124,11.8979,0.00210796
0.62,-0.0157561,-0.0318166,11.8994,0.00207567
0.622,-0.0158198,-0.0318207,11.901,0.00204388
0.624,-0.0158834,-0.0318248,11.9025,0.00201257
0.626,-0.0159471,-0.0318288,11.904,0.00198174
0.628,-0.0160107,-0.0318327,11.9054,0.00195139
0.63,-0.0160744,-0.0318366,11.9069,0.0019215
0.632,-0.0161381,-0.0318404,11.9083,0.00189207
0.634,-0.0162018,-0.0318442,11.9097,0.00186309
0.636,-0.0162655,-0.0318479,11.9111,0.00183455
0.638,-0.0163292,-0.0318515,11.9125,0.00180645
0.64,-0.0163929,-0.0318551,11.9138,0.00177878
0.642,-0.0164566,-0.0318586,11.9151,0.00175153
0.644,-0.0165203,-0.0318621,11.9164,0.0017247
0.646,-0.016584,-0.0318655,11.9177,0.00169828
0.648,-0.0166478,-0.0318689,11.919,0.00167227
0.65,-0.0167115,-0.0318722,11.9202,0.00164665
0.652,-0.0167752,-0.0318755,11.9214,0.00162143
0.654,-0.016839,-0.0318787,11.9226,0.00159659
0.656,-0.0169028,-0.0318819,11.9238,0.00157214
0.658,-0.0169665,-0.031885,11.925,0.00154806
0.66,-0.0170303,-0.0318881,11.9261,0.00152435
0.662,-0.0170941,-0.0318911,11.9273,0.001501
0.664,-0.0171579,-0.0318941,11.9284,0.001478
0.666,-0.0172217,-0.031897,11.9295,0.00145537
0.668,-0.0172855,-0.0318999,11.9306,0.00143307
0.67,-0.0173493,-0.0319027,11.9316,0.00141112
0.672,-0.0174131,-0.0319055,11.9327,0.00138951
0.674,-0.0174769,-0.0319083,11.9337,0.00136822
0.676,-0.0175407,-0.031911,11.9347,0.00134726
0.678,-0.0176045,-0.0319137,11.9357,0.00132663
0.68,-0.0176683,-0.0319163,11.9367,0.00130631
0.682,-0.0177322,-0.0319189,11.9377,0.0012863
0.684,-0.017796,-0.0319215,11.9386,0.0012666
0.686,-0.0178599,-0.031924,11.9396,0.00124719
0.688,-0.0179237,-0.0319264,11.9405,0.00122809
0.69,-0.0179876,-0.0319289,11.9414,0.00120928
0.692,-0.0180514,-0.0319313,11.9423,0.00119076
0.694,-0.0181153,-0.0319336,11.9432,0.00117252
0.696,-0.0181792,-0.031936,11.9441,0.00115456
0.698,-0.018243,-0.0319383,11.9449,0.00113687
0.7,-0.0183069,-0.0319405,11.9458,0.00111946
0.702,-0.0183708,-0.0319427,11.9466,0.00110231
0.704,-0.0184347,-0.0319449,11.9474,0.00108543
0.706,-0.0184986,-0.0319471,11.9482,0.0010688
0.708,-0.0185625,-0.0319492,11.949,0.00105243
0.71,-0.0186264,-0.0319513,11.9498,0.00103631
0.712,-0.0186903,-0.0319533,11.9506,0.00102043
0.714,-0.0187542,-0.0319554,11.9513,0.0010048
0.716,-0.0188181,-0.0319574,11.9521,0.000989412
0.718,-0.018882,-0.0319593,11.9528,0.000974256
0.72,-0.0189459,-0.0319613,11.9535,0.000959333
0.722,-0.0190099,-0.0319632,11.9542,0.000944638
0.724,-0.0190738,-0.031965,11.9549,0.000930169
0.726,-0.0191377,-0.0319669,11.9556,0.000915921
0.728,-0.0192017,-0.0319687,11.9563,0.000901892
0.73,-0.0192656,-0.0319705,11.957,0.000888077
0.732,-0.0193295,-0.0319723,11.9576,0.000874474
0.734,-0.0193935,-0.031974,11.9583,0.00086108
0.736,-0.0194574,-0.0319757,11.9589,0.00084789
0.738,-0.0195214,-0.0319774,11.9595,0.000834902
0.74,-0.0195854,-0.031979,11.9602,0.000822113
0.742,-0.0196493,-0.0319807,11.9608,0.00080952
0.744,-0.0197133,-0.0319823,11.9614,0.00079712
0.746,-0.0197772,-0.0319839,11.962,0.00078491
0.748,-0.0198412,-0.0319854,11.9625,0.000772888
0.75,-0.0199052,-0.031987,11.9631,0.000761049
0.752,-0.0199692,-0.0319885,11.9637,0.000749392
0.754,-0.0200331,-0.03199,11.9642,0.000737913
0.756,-0.0200971,-0.0319914,11.9648,0.00072661
0.758,-0.0201611,-0.0319929,11.9653,0.00071548
0.76,-0.0202251,-0.0319943,11.9659,0.000704521
0.762,-0.0202891,-0.0319957,11.9664,0.000693729
0.764,-0.0203531,-0.0319971,11.9669,0.000683103
0.766,-0.0204171,-0.0319984,11.9674,0.000672639
0.768,-0.0204811,-0.0319997,11.9679,0.000662336
0.77,-0.0205451,-0.0320011,11.9684,0.000652191
0.772,-0.0206091,-0.0320024,11.9689,0.000642201
0.774,-0.0206731,-0.0320036,11.9694,0.000632364
0.776,-0.0207371,-0.0320049,11.9698,0.000622678
0.778,-0.0208011,-0.0320061,11.9703,0.00061314
0.78,-0.0208651,-0.0320073,11.9707,0.000603749
0.782,-0.0209291,-0.0320085,11.9712,0.000594501
0.784,-0.0209931,-0.0320097,11.9716,0.000585394
0.786,-0.0210572,-0.0320109,11.9721,0.000576427
0.788,-0.0211212,-0.032012,11.9725,0.000567598
0.79,-0.0211852,-0.0320131,11.9729,0.000558903
0.792,-0.0212492,-0.0320143,11.9733,0.000550342
0.794,-0.0213133,-0.0320153,11.9737,0.000541912
0.796,-0.0213773,-0.0320164,11.9741,0.000533612
0.798,-0.0214413,-0.0320175,11.9745,0.000525438
0.8,-0.0215054,-0.0320185,11.9749,0.00051739
0.802,-0.0215694,-0.0320196,11.9753,0.000509465
0.804,-0.0216335,-0.0320206,11.9757,0.000501661
0.806,-0.0216975,-0.0320216,11.9761,0.000493977
0.808,-0.0217615,-0.0320225,11.9764,0.000486411
0.81,-0.0218256,-0.0320235,11.9768,0.00047896
0.812,-0.0218896,-0.0320245,11.9771,0.000471623
0.814,-0.0219537,-0.0320254,11.9775,0.000464399
0.816,-0.0220177,-0.0320263,11.9778,0.000457285
0.818,-0.0220818,-0.0320272,11.9782,0.000450281
0.82,-0.0221458,-0.0320281,11.9785,0.000443384
0.822,-0.0222099,-0.032029,11.9788,0.000436593
0.824,-0.022274,-0.0320299,11.9792,0.000429905
0.826,-0.022338,-0.0320307,11.9795,0.00042332
0.828,-0.0224021,-0.0320316,11.9798,0.000416836
0.83,-0.0224661,-0.0320324,11.9801,0.000410451
0.832,-0.0225302,-0.0320332,11.9804,0.000404164
0.834,-0.0225943,-0.032034,11.9807,0.000397973
0.836,-0.0226583,-0.0320348,11.981,0.000391877
0.838,-0.0227224,-0.0320356,11.9813,0.000385874
0.84,-0.0227865,-0.0320363,11.9816,0.000379964
0.842,-0.0228506,-0.0320371,11.9819,0.000374143
0.844,-0.0229146,-0.0320378,11.9821,0.000368413
0.846,-0.0229787,-0.0320386,11.9824,0.00036277
0.848,-0.0230428,-0.0320393,11.9827,0.000357213
0.85,-0.0231069,-0.03204,11.983,0.000351741
0.852,-0.023171,-0.0320407,11.9832,0.000346354
0.854,-0.023235,-0.0320414,11.9835,0.000341048
0.856,-0.0232991,-0.032042,11.9837,0.000335824
0.858,-0.0233632,-0.0320427,11.984,0.00033068
0.86,-0.0234273,-0.0320434,11.9842,0.000325615
0.862,-0.0234914,-0.032044,11.9845,0.000320627
0.864,-0.0235555,-0.0320447,11.9847,0.000315716
0.866,-0.0236196,-0.0320453,11.9849,0.00031088
0.868,-0.0236836,-0.0320459,11.9852,0.000306118
0.87,-0.0237477,-0.0320465,11.9854,0.000301429
0.872,-0.0238118,-0.0320471,11.9856,0.000296812
0.874,-0.0238759,-0.0320477,11.9858,0.000292266
0.876,-0.02394,-0.0320483,11.9861,0.000287789
0.878,-0.0240041,-0.0320488,11.9863,0.000283381
0.88,-0.0240682,-0.0320494,11.9865,0.00027904
0.882,-0.0241323,-0.03205,11.9867,0.000274766
0.884,-0.0241964,-0.0320505,11.9869,0.000270557
0.886,-0.0242605,-0.032051,11.9871,0.000266413
0.888,-0.0243246,-0.0320516,11.9873,0.000262332
0.89,-0.0243887,-0.0320521,11.9875,0.000258313
0.892,-0.0244528,-0.0320526,11.9877,0.000254357
0.894,-0.0245169,-0.0320531,11.9879,0.000250461
0.896,-0.024581,-0.0320536,11.988,0.000246624
0.898,-0.0246451,-0.0320541,11.9882,0.000242847
0.9,-0.0247093,-0.0320546,11.9884,0.000239127
0.902,-0.0247734,-0.0320551,11.9886,0.000235464
0.904,-0.0248375,-0.0320555,11.9888,0.000231857
0.906,-0.0249016,-0.032056,11.9889,0.000228306
0.908,-0.0249657,-0.0320564,11.9891,0.000224809
0.91,-0.0250298,-0.0320569,11.9893,0.000221365
0.912,-0.0250939,-0.0320573,11.9894,0.000217974
0.914,-0.025158,-0.0320578,11.9896,0.000214636
0.916,-0.0252222,-0.0320582,11.9898,0.000211348
0.918,-0.0252863,-0.0320586,11.9899,0.000208111
0.92,-0.0253504,-0.032059,11.9901,0.000204923
0.922,-0.0254145,-0.0320594,11.9902,0.000201784
0.924,-0.0254786,-0.0320598,11.9904,0.000198693
0.926,-0.0255428,-0.0320602,11.9905,0.00019565
0.928,-0.0256069,-0.0320606,11.9907,0.000192653
0.93,-0.025671,-0.032061,11.9908,0.000189702
0.932,-0.0257351,-0.0320614,11.9909,0.000186796
0.934,-0.0257992,-0.0320617,11.9911,0.000183935
0.936,-0.0258634,-0.0320621,11.9912,0.000181117
0.938,-0.0259275,-0.0320625,11.9914,0.000178343
0.94,-0.0259916,-0.0320628,11.9915,0.000175611
0.942,-0.0260557,-0.0320632,11.9916,0.000172921
0.944,-0.0261199,-0.0320635,11.9917,0.000170273
0.946,-0.026184,-0.0320638,11.9919,0.000167665
0.948,-0.0262481,-0.0320642,11.992,0.000165096
0.95,-0.0263123,-0.0320645,11.9921,0.000162568
0.952,-0.0263764,-0.0320648,11.9922,0.000160077
0.954,-0.0264405,-0.0320651,11.9924,0.000157625
0.956,-0.0265046,-0.0320655,11.9925,0.000155211
0.958,-0.0265688,-0.0320658,11.9926,0.000152833
0.96,-0.0266329,-0.0320661,11.9927,0.000150492
0.962,-0.026697,-0.0320664,11.9928,0.000148187
0.964,-0.0267612,-0.0320667,11.9929,0.000145917
0.966,-0.0268253,-0.0320669,11.993,0.000143682
0.968,-0.0268894,-0.0320672,11.9931,0.000141482
0.97,-0.0269536,-0.0320675,11.9932,0.000139314
0.972,-0.0270177,-0.0320678,11.9934,0.000137181
0.974,-0.0270818,-0.0320681,11.9935,0.000135079
0.976,-0.027146,-0.0320683,11.9936,0.00013301
0.978,-0.0272101,-0.0320686,11.9937,0.000130973
0.98,-0.0272743,-0.0320689,11.9938,0.000128966
0.982,-0.0273384,-0.0320691,11.9938,0.000126991
0.984,-0.0274025,-0.0320694,11.9939,0.000125046
0.986,-0.0274667,-0.0320696,11.994,0.00012313
0.988,-0.0275308,-0.0320699,11.9941,0.000121244
0.99,-0.0275949,-0.0320701,11.9942,0.000119387
0.992,-0.0276591,-0.0320703,11.9943,0.000117559
0.994,-0.0277232,-0.0320706,11.9944,0.000115758
0.996,-0.0277874,-0.0320708,11.9945,0.000113985
0.998,-0.0278515,-0.032071,11.9946,0.000112239
1,-0.0279157,-0.0320712,11.9946,0.00011052
1,-0.0279157,-0.0320712,11.9946,0.00011052
